first_name,last_name,email,balance
Darsie,Paiton,dpaiton0@spiegel.de,"$37,063.78 "
Brand,Giles,bgiles1@about.com,"$25,419.46 "
Ddene,Durrington,ddurrington2@bbc.co.uk,"$60,350.73 "
Pietra,Domonkos,pdomonkos3@paypal.com,"$45,012.53 "
Mathian,Parkisson,mparkisson4@washington.edu,"$12,411.57 "
Joni,Beeby,jbeeby5@nature.com,"$15,072.76 "
Melesa,Griffin,mgriffin6@google.com.hk,"$52,245.15 "
Virginie,Coulthard,vcoulthard7@ox.ac.uk,"$97,279.16 "
Hubie,Swanwick,hswanwick8@ed.gov,"$13,008.79 "
Roze,Newcome,rnewcome9@google.ru,"$99,081.82 "
Kendrick,de Castelain,kdecastelaina@sciencedirect.com,"$88,351.92 "
Cornelius,Hause,chauseb@shinystat.com,"$59,057.31 "
Charley,Templar,ctemplarc@google.cn,"$42,091.47 "
Morgen,Pellant,mpellantd@virginia.edu,"$10,312.48 "
Bessie,Hoffman,bhoffmane@ycombinator.com,"$41,046.20 "
Evvy,Hutson,ehutsonf@ning.com,"$90,375.50 "
Alfreda,Ivanshintsev,aivanshintsevg@dagondesign.com,"$77,333.09 "
Corny,Craft,ccrafth@eepurl.com,"$19,335.62 "
Shayne,Iacobassi,siacobassii@whitehouse.gov,"$63,266.80 "
Wilfred,MacGaughy,wmacgaughyj@homestead.com,"$45,098.82 "
Joela,Castagne,jcastagnek@comcast.net,"$14,412.73 "
Cherin,Posthill,cposthilll@statcounter.com,"$21,080.14 "
Max,Shedden,msheddenm@mediafire.com,"$24,964.99 "
Kile,Scogings,kscogingsn@ox.ac.uk,"$65,933.34 "
Murvyn,Hemeret,mhemereto@china.com.cn,"$82,447.43 "
Dimitri,Criple,dcriplep@vkontakte.ru,"$56,086.87 "
Sacha,Adamides,sadamidesq@issuu.com,"$85,650.09 "
Terri,Avramovic,tavramovicr@goodreads.com,"$39,473.91 "
Dalli,Janeczek,djaneczeks@fema.gov,"$88,571.21 "
Celle,Levy,clevyt@123-reg.co.uk,"$29,123.39 "
Antonin,Patrick,apatricku@bloglines.com,"$22,994.56 "
Birgit,Minto,bmintov@yahoo.co.jp,"$40,253.57 "
Ripley,Ashcroft,rashcroftw@pcworld.com,"$79,423.36 "
Brandy,Fernandez,bfernandezx@tinyurl.com,"$51,489.35 "
Van,Delahunty,vdelahuntyy@quantcast.com,"$33,828.12 "
Tully,Bulger,tbulgerz@sun.com,"$25,568.80 "
Doy,Philler,dphiller10@economist.com,"$69,944.97 "
Catriona,Pezey,cpezey11@moonfruit.com,"$41,392.13 "
Onfroi,Hussell,ohussell12@last.fm,"$20,492.22 "
Vonnie,Baverstock,vbaverstock13@last.fm,"$49,582.49 "
Tannie,Jobbins,tjobbins14@nationalgeographic.com,"$24,428.04 "
Josselyn,MacGregor,jmacgregor15@blinklist.com,"$78,112.85 "
Trixie,Drew,tdrew16@xinhuanet.com,"$83,822.65 "
Shermy,Nutting,snutting17@cam.ac.uk,"$46,861.49 "
Glori,Brooke,gbrooke18@wikia.com,"$17,309.08 "
Virginie,Sedman,vsedman19@independent.co.uk,"$89,424.21 "
Tomlin,Kupka,tkupka1a@fema.gov,"$68,276.54 "
Robinia,Mousby,rmousby1b@skype.com,"$37,402.45 "
Annora,Squeers,asqueers1c@japanpost.jp,"$53,660.87 "
Cad,Jirik,cjirik1d@exblog.jp,"$51,381.38 "
Corey,Herreran,cherreran1e@vkontakte.ru,"$53,270.56 "
Benni,Ball,bball1f@timesonline.co.uk,"$89,530.94 "
Dolli,Goakes,dgoakes1g@cbc.ca,"$11,936.30 "
Hobard,Hughesdon,hhughesdon1h@umich.edu,"$91,697.04 "
Marlin,Trymme,mtrymme1i@ucoz.com,"$99,224.36 "
Faustine,Spaducci,fspaducci1j@xinhuanet.com,"$67,172.43 "
Maurine,Grinyer,mgrinyer1k@irs.gov,"$19,781.02 "
Gale,Oxbie,goxbie1l@ning.com,"$92,715.13 "
Carissa,Whittle,cwhittle1m@gmpg.org,"$88,205.57 "
Myrle,Trengove,mtrengove1n@mapy.cz,"$51,113.81 "
Madelena,Clint,mclint1o@gnu.org,"$19,660.15 "
Glennis,Ludvigsen,gludvigsen1p@ucsd.edu,"$75,954.85 "
Shena,MacCaig,smaccaig1q@hud.gov,"$35,938.26 "
Tricia,Neenan,tneenan1r@abc.net.au,"$44,078.43 "
Tonye,Gadsden,tgadsden1s@wikipedia.org,"$11,017.42 "
Ange,Fernie,afernie1t@wsj.com,"$45,986.81 "
Larina,Ivashev,livashev1u@chronoengine.com,"$35,907.45 "
Freddi,Shemmin,fshemmin1v@bizjournals.com,"$79,564.63 "
May,MacIlhargy,mmacilhargy1w@moonfruit.com,"$42,817.03 "
Birk,McEnery,bmcenery1x@newyorker.com,"$99,834.41 "
Shawna,Castilla,scastilla1y@mozilla.org,"$61,380.04 "
Alvinia,Calfe,acalfe1z@globo.com,"$71,217.93 "
Emilee,Vallentin,evallentin20@bloglovin.com,"$66,092.81 "
Bert,Lornsen,blornsen21@cnbc.com,"$43,286.29 "
Pacorro,Titchen,ptitchen22@jimdo.com,"$56,400.84 "
Bettye,Hynde,bhynde23@yellowbook.com,"$44,520.21 "
Hernando,Chowne,hchowne24@about.com,"$20,418.93 "
Carlos,Corey,ccorey25@accuweather.com,"$64,024.04 "
Megen,Howsan,mhowsan26@addthis.com,"$58,099.42 "
Brenna,Jammes,bjammes27@usgs.gov,"$47,439.62 "
Cathrin,Jamison,cjamison28@issuu.com,"$50,728.79 "
Bernie,Worledge,bworledge29@oaic.gov.au,"$15,366.83 "
Peadar,Buddock,pbuddock2a@sitemeter.com,"$42,201.41 "
Sylas,Boarleyson,sboarleyson2b@washingtonpost.com,"$98,545.86 "
Had,Sawer,hsawer2c@hostgator.com,"$93,049.67 "
Thor,Kubec,tkubec2d@com.com,"$43,273.87 "
Kaitlin,Rowson,krowson2e@plala.or.jp,"$10,521.03 "
Derk,Deller,ddeller2f@yolasite.com,"$95,443.84 "
Launce,Caverhill,lcaverhill2g@feedburner.com,"$26,790.87 "
Jeremias,Artrick,jartrick2h@nsw.gov.au,"$58,413.62 "
Maybelle,Leif,mleif2i@epa.gov,"$53,245.82 "
Sasha,Sidney,ssidney2j@prlog.org,"$57,509.49 "
Adelbert,Sancto,asancto2k@mlb.com,"$22,246.42 "
Grata,Hebditch,ghebditch2l@youku.com,"$28,758.07 "
Frederic,Bittany,fbittany2m@edublogs.org,"$95,635.36 "
Ram,Huison,rhuison2n@istockphoto.com,"$57,554.61 "
Byram,Lennarde,blennarde2o@stanford.edu,"$94,266.50 "
Elva,Gepheart,egepheart2p@gmpg.org,"$87,446.44 "
David,Shakspeare,dshakspeare2q@guardian.co.uk,"$12,045.08 "
Delainey,Huckfield,dhuckfield2r@oakley.com,"$72,731.64 "
Shaylyn,Shallo,sshallo2s@meetup.com,"$77,952.56 "
Iver,Flynn,iflynn2t@etsy.com,"$83,956.87 "
Corena,Leggon,cleggon2u@abc.net.au,"$73,674.73 "
Min,Calfe,mcalfe2v@desdev.cn,"$63,111.60 "
Carmencita,Bucke,cbucke2w@economist.com,"$91,279.00 "
Phyllys,Pywell,ppywell2x@trellian.com,"$55,335.31 "
Lorena,Pegrum,lpegrum2y@howstuffworks.com,"$24,966.71 "
Tracy,Benfield,tbenfield2z@addthis.com,"$64,009.98 "
Antoni,MacVean,amacvean30@nsw.gov.au,"$71,082.76 "
Sarette,Wilfing,swilfing31@bloglines.com,"$20,440.69 "
Phillipp,Elliott,pelliott32@springer.com,"$58,987.19 "
Eleanore,Moysey,emoysey33@vk.com,"$19,267.19 "
Marlie,Freyne,mfreyne34@meetup.com,"$52,710.42 "
Sergent,Carrane,scarrane35@adobe.com,"$11,572.17 "
Ham,Nadin,hnadin36@unc.edu,"$44,400.65 "
Betteann,Botly,bbotly37@arizona.edu,"$49,448.25 "
Hewett,Salisbury,hsalisbury38@cdc.gov,"$82,637.57 "
Jason,Townsend,jtownsend39@mashable.com,"$65,916.34 "
Barrett,Blaszczyk,bblaszczyk3a@xrea.com,"$54,742.30 "
Krishna,Gissing,kgissing3b@pbs.org,"$17,711.59 "
Jacob,Ladbrook,jladbrook3c@imdb.com,"$97,172.49 "
Frank,Kruger,fkruger3d@unesco.org,"$66,692.41 "
Flore,Reidie,freidie3e@wikia.com,"$53,091.58 "
Terri-jo,Mitton,tmitton3f@blinklist.com,"$11,193.67 "
Shelagh,Jerwood,sjerwood3g@hp.com,"$22,578.63 "
Nikolai,Snodin,nsnodin3h@ifeng.com,"$94,162.65 "
Korie,Summerbell,ksummerbell3i@bravesites.com,"$22,705.37 "
Jonathan,Gwilym,jgwilym3j@alibaba.com,"$59,331.26 "
Lonee,Dace,ldace3k@walmart.com,"$98,683.65 "
Hinda,Croy,hcroy3l@paypal.com,"$71,239.48 "
Hamlen,Immings,himmings3m@buzzfeed.com,"$49,004.52 "
Dori,Isaacs,disaacs3n@shareasale.com,"$56,134.12 "
Kristofer,Dealey,kdealey3o@twitpic.com,"$84,397.11 "
Willard,Cawker,wcawker3p@canalblog.com,"$92,738.08 "
Grant,Kabisch,gkabisch3q@apache.org,"$13,067.14 "
Charla,Patry,cpatry3r@census.gov,"$52,784.03 "
Merola,Jeste,mjeste3s@opensource.org,"$41,959.13 "
Glendon,Fayne,gfayne3t@behance.net,"$98,614.65 "
Vladamir,Stroton,vstroton3u@apache.org,"$67,882.49 "
Kimberley,Argontt,kargontt3v@woothemes.com,"$27,959.51 "
Lanette,Popelay,lpopelay3w@naver.com,"$39,330.78 "
Rodge,Kurth,rkurth3x@slideshare.net,"$27,260.15 "
Veda,Dewfall,vdewfall3y@nasa.gov,"$78,457.59 "
Bernardo,Damato,bdamato3z@umich.edu,"$82,360.12 "
Lewie,Maraga,lmaraga40@oakley.com,"$12,360.92 "
Larine,Yukhnov,lyukhnov41@nydailynews.com,"$56,556.66 "
Hedy,Huggen,hhuggen42@bloglovin.com,"$97,643.84 "
Corri,Lightewood,clightewood43@google.pl,"$78,991.37 "
Bronson,Tumielli,btumielli44@sourceforge.net,"$32,454.29 "
Dorena,Rentelll,drentelll45@about.me,"$23,405.83 "
Killian,Coolican,kcoolican46@networksolutions.com,"$21,383.62 "
Yule,Licence,ylicence47@google.it,"$87,210.07 "
Rafa,Swadden,rswadden48@google.cn,"$67,328.19 "
Hastie,Gilliard,hgilliard49@ask.com,"$86,538.21 "
Rouvin,Orum,rorum4a@constantcontact.com,"$30,237.68 "
Fanchon,Lockart,flockart4b@techcrunch.com,"$98,541.21 "
Wakefield,Vasilechko,wvasilechko4c@etsy.com,"$41,362.54 "
Kris,O'Crevan,kocrevan4d@cdc.gov,"$29,430.20 "
Dunn,Pennacci,dpennacci4e@nyu.edu,"$16,471.61 "
Johnathan,Sapson,jsapson4f@gmpg.org,"$50,628.52 "
Anatola,Winram,awinram4g@dot.gov,"$20,840.20 "
Jinny,Cancellario,jcancellario4h@amazon.co.uk,"$23,227.82 "
Gennie,Brecknock,gbrecknock4i@dagondesign.com,"$16,124.11 "
Barbie,Greydon,bgreydon4j@huffingtonpost.com,"$96,710.52 "
Eugenie,Cliffe,ecliffe4k@bloglovin.com,"$13,876.55 "
Constancy,Hellin,chellin4l@columbia.edu,"$38,560.34 "
Devon,Layburn,dlayburn4m@vk.com,"$33,262.81 "
Eliza,Hadny,ehadny4n@java.com,"$48,516.34 "
Myrah,Inglese,minglese4o@webeden.co.uk,"$22,491.28 "
Sibley,Padginton,spadginton4p@apple.com,"$93,955.54 "
Tabor,Croneen,tcroneen4q@t.co,"$63,659.04 "
Murdock,Garthside,mgarthside4r@biglobe.ne.jp,"$49,403.11 "
Anett,Tribbeck,atribbeck4s@twitpic.com,"$49,183.81 "
Diane,Fearenside,dfearenside4t@miibeian.gov.cn,"$53,433.32 "
Lynna,Broodes,lbroodes4u@globo.com,"$42,541.90 "
Colene,Fozzard,cfozzard4v@ow.ly,"$10,656.00 "
Korry,Fray,kfray4w@cloudflare.com,"$67,282.80 "
Torrin,Golds,tgolds4x@craigslist.org,"$60,632.29 "
Devonna,Maier,dmaier4y@shutterfly.com,"$44,405.08 "
Craggy,Shackelton,cshackelton4z@archive.org,"$68,516.58 "
Lauren,Leere,lleere50@harvard.edu,"$25,004.64 "
Lowe,Lutzmann,llutzmann51@wordpress.org,"$76,409.49 "
Huey,Ebbs,hebbs52@theatlantic.com,"$72,361.29 "
Ivie,Stichel,istichel53@arstechnica.com,"$47,373.46 "
Sylas,Dainty,sdainty54@comsenz.com,"$54,235.47 "
Freeland,Snoddon,fsnoddon55@ustream.tv,"$26,698.62 "
Land,Danilyuk,ldanilyuk56@wikimedia.org,"$36,138.03 "
Amanda,Schnitter,aschnitter57@bbb.org,"$36,015.04 "
Hulda,Gwillym,hgwillym58@zdnet.com,"$89,656.12 "
Gloriana,Pretty,gpretty59@freewebs.com,"$15,149.00 "
Cybil,Brien,cbrien5a@google.de,"$98,456.85 "
Laurence,Maletratt,lmaletratt5b@fda.gov,"$18,035.54 "
Constantia,O'Currigan,cocurrigan5c@bbb.org,"$83,155.95 "
Burt,Waddie,bwaddie5d@angelfire.com,"$21,387.01 "
Kareem,Vickors,kvickors5e@cargocollective.com,"$16,563.37 "
Rollo,Darlasson,rdarlasson5f@wikia.com,"$13,956.45 "
Karlie,Daftor,kdaftor5g@forbes.com,"$88,272.60 "
Sherwynd,Carrivick,scarrivick5h@mlb.com,"$73,273.29 "
Sonny,Butler,sbutler5i@mail.ru,"$50,551.68 "
Abner,Sandbach,asandbach5j@i2i.jp,"$69,012.22 "
Fritz,Bras,fbras5k@imgur.com,"$27,843.16 "
Pammie,Rann,prann5l@reference.com,"$32,678.42 "
Clary,Dohr,cdohr5m@reddit.com,"$36,031.20 "
Herve,Guterson,hguterson5n@epa.gov,"$70,803.37 "
Bettye,Masserel,bmasserel5o@arstechnica.com,"$16,100.55 "
Bertie,Balassi,bbalassi5p@youtu.be,"$38,847.42 "
Roseline,Artindale,rartindale5q@alexa.com,"$31,416.09 "
Urbain,Fayne,ufayne5r@fema.gov,"$15,749.42 "
Kelly,Shewery,kshewery5s@scribd.com,"$94,194.65 "
Glendon,Martusewicz,gmartusewicz5t@infoseek.co.jp,"$83,219.19 "
Tom,M'Quharge,tmquharge5u@icio.us,"$93,686.40 "
Rory,Maffiotti,rmaffiotti5v@amazon.co.jp,"$39,531.30 "
Audi,Lockier,alockier5w@dedecms.com,"$83,177.58 "
Monique,Belone,mbelone5x@shutterfly.com,"$19,583.72 "
Elnar,Darwood,edarwood5y@printfriendly.com,"$48,385.23 "
Alec,Beedom,abeedom5z@squidoo.com,"$91,560.81 "
Chrissie,Adanez,cadanez60@gizmodo.com,"$35,461.76 "
Burg,Calder,bcalder61@hexun.com,"$62,893.30 "
Christie,Hugett,chugett62@guardian.co.uk,"$19,456.83 "
Glynda,Wrotchford,gwrotchford63@biblegateway.com,"$80,997.09 "
Amelia,Augur,aaugur64@thetimes.co.uk,"$60,956.21 "
Karee,Elloy,kelloy65@shinystat.com,"$71,011.00 "
Melony,Fanthom,mfanthom66@cdbaby.com,"$58,128.83 "
Filip,Raise,fraise67@163.com,"$87,291.36 "
Ardra,Smitton,asmitton68@last.fm,"$51,906.27 "
Rafa,Mingey,rmingey69@dropbox.com,"$98,681.51 "
Winona,Purrier,wpurrier6a@bluehost.com,"$85,982.34 "
Clo,Gainsburgh,cgainsburgh6b@google.de,"$49,922.57 "
Corey,Burd,cburd6c@hao123.com,"$57,827.07 "
Heywood,Fish,hfish6d@furl.net,"$99,915.32 "
Cloe,Cisneros,ccisneros6e@walmart.com,"$76,154.33 "
Janeta,Gofton,jgofton6f@tmall.com,"$63,953.66 "
Cherice,Bagshaw,cbagshaw6g@imageshack.us,"$19,653.23 "
Karly,Gurner,kgurner6h@sciencedaily.com,"$41,386.02 "
Sonya,Pauwel,spauwel6i@jimdo.com,"$59,305.35 "
Kat,Tanman,ktanman6j@issuu.com,"$22,139.00 "
Ruttger,Haworth,rhaworth6k@statcounter.com,"$31,363.32 "
Sybilla,Harp,sharp6l@taobao.com,"$32,674.22 "
Carilyn,Crame,ccrame6m@examiner.com,"$75,586.74 "
Anatollo,Haydney,ahaydney6n@theglobeandmail.com,"$52,456.32 "
Devin,Loache,dloache6o@rediff.com,"$99,560.54 "
Avictor,Crayton,acrayton6p@wikimedia.org,"$50,077.80 "
Tobin,McTrustam,tmctrustam6q@businessweek.com,"$87,708.04 "
Roddie,Lannen,rlannen6r@craigslist.org,"$24,974.36 "
Lily,O'Shesnan,loshesnan6s@technorati.com,"$68,238.14 "
Mari,Snarie,msnarie6t@webmd.com,"$82,894.73 "
Gladys,Sherbrooke,gsherbrooke6u@clickbank.net,"$29,670.98 "
Ashley,Melrose,amelrose6v@google.cn,"$19,511.41 "
Bambi,Danett,bdanett6w@wisc.edu,"$77,677.21 "
Callida,Shutle,cshutle6x@shop-pro.jp,"$46,825.52 "
Darn,Mole,dmole6y@usda.gov,"$69,453.76 "
Pris,Jarrett,pjarrett6z@people.com.cn,"$56,732.62 "
Ilaire,Bruckshaw,ibruckshaw70@odnoklassniki.ru,"$77,487.47 "
Bertine,Craine,bcraine71@macromedia.com,"$80,341.63 "
Lorrie,Pairpoint,lpairpoint72@boston.com,"$15,239.10 "
Anjela,Gallyhaock,agallyhaock73@marriott.com,"$83,578.58 "
Robb,Cansdall,rcansdall74@printfriendly.com,"$11,028.04 "
Gilberta,Lightwood,glightwood75@freewebs.com,"$86,864.03 "
Curt,Dunthorn,cdunthorn76@timesonline.co.uk,"$43,344.90 "
Bryant,Crossley,bcrossley77@technorati.com,"$93,630.62 "
Melonie,Rowler,mrowler78@ed.gov,"$49,949.19 "
Page,Thomelin,pthomelin79@icq.com,"$24,727.45 "
Augustin,Roz,aroz7a@yellowbook.com,"$81,523.69 "
Wyatt,Whitrod,wwhitrod7b@google.cn,"$41,755.26 "
Teodorico,Conklin,tconklin7c@alexa.com,"$19,935.01 "
Ava,Blackley,ablackley7d@tinyurl.com,"$36,867.98 "
Aveline,Biaggiotti,abiaggiotti7e@canalblog.com,"$28,720.76 "
Fernandina,Hubert,fhubert7f@vkontakte.ru,"$74,717.98 "
Nehemiah,Soldner,nsoldner7g@whitehouse.gov,"$76,317.24 "
Alix,Challicombe,achallicombe7h@multiply.com,"$99,824.00 "
Sara,Bamlett,sbamlett7i@phpbb.com,"$73,796.52 "
Gibbie,Kasper,gkasper7j@ucoz.com,"$91,644.37 "
Pierson,Weepers,pweepers7k@bluehost.com,"$78,449.79 "
Bibbie,Rennick,brennick7l@elpais.com,"$35,100.13 "
Lyndsay,Le Monnier,llemonnier7m@multiply.com,"$16,996.63 "
Sydney,Wandrich,swandrich7n@ucoz.com,"$28,637.58 "
Maude,Bondley,mbondley7o@telegraph.co.uk,"$56,139.49 "
Teirtza,Carrigan,tcarrigan7p@joomla.org,"$50,266.16 "
Joete,Prott,jprott7q@sakura.ne.jp,"$56,219.69 "
Dorree,Laurance,dlaurance7r@princeton.edu,"$38,422.62 "
Bengt,Skellion,bskellion7s@dagondesign.com,"$28,085.98 "
Blakelee,Indruch,bindruch7t@qq.com,"$69,197.23 "
Robin,Gundry,rgundry7u@hugedomains.com,"$89,525.51 "
Lynnell,Fishbie,lfishbie7v@cocolog-nifty.com,"$30,691.41 "
Natalee,Minnis,nminnis7w@noaa.gov,"$85,539.90 "
Cobbie,Downie,cdownie7x@nih.gov,"$78,976.07 "
Randene,Maving,rmaving7y@aboutads.info,"$64,847.94 "
Johnathan,Jann,jjann7z@purevolume.com,"$96,303.78 "
Haroun,Purches,hpurches80@tuttocitta.it,"$28,243.79 "
Tobias,Uccello,tuccello81@tinypic.com,"$76,655.70 "
Gaylene,Waren,gwaren82@meetup.com,"$87,043.83 "
Aron,Littlekit,alittlekit83@vk.com,"$43,875.91 "
Shea,Torbard,storbard84@gnu.org,"$33,822.27 "
Teresita,Piotrkowski,tpiotrkowski85@dropbox.com,"$46,486.59 "
Sax,Pina,spina86@instagram.com,"$10,554.86 "
Gustavus,Dikles,gdikles87@multiply.com,"$53,424.00 "
Rodney,Dunmore,rdunmore88@multiply.com,"$16,066.25 "
Ariadne,Rutledge,arutledge89@geocities.com,"$43,520.04 "
Ingeberg,Ciccottini,iciccottini8a@columbia.edu,"$54,638.76 "
Lorene,Goard,lgoard8b@gov.uk,"$32,055.65 "
Abbe,Bullick,abullick8c@ow.ly,"$42,083.94 "
Cash,Corinton,ccorinton8d@techcrunch.com,"$23,625.86 "
Dina,Kneaphsey,dkneaphsey8e@sciencedaily.com,"$81,846.90 "
Gayleen,Gabriel,ggabriel8f@istockphoto.com,"$30,041.32 "
Jenica,Harman,jharman8g@soundcloud.com,"$94,642.22 "
Enos,Senten,esenten8h@stumbleupon.com,"$92,476.81 "
Lynnelle,Cordner,lcordner8i@github.com,"$25,768.88 "
Bucky,Bullant,bbullant8j@alibaba.com,"$31,181.93 "
Edi,Mewis,emewis8k@cisco.com,"$34,080.22 "
Spike,Sommerled,ssommerled8l@about.com,"$33,264.88 "
Olly,Lipmann,olipmann8m@amazon.com,"$77,421.03 "
Rebeca,Gensavage,rgensavage8n@google.com.hk,"$14,899.32 "
Had,Jeaffreson,hjeaffreson8o@wunderground.com,"$88,151.07 "
Dorise,Retallack,dretallack8p@microsoft.com,"$36,848.89 "
Buiron,Garwood,bgarwood8q@joomla.org,"$86,647.11 "
Helaina,Castagnaro,hcastagnaro8r@cisco.com,"$26,979.43 "
Ralph,Beinke,rbeinke8s@geocities.com,"$68,096.23 "
Kakalina,Dowse,kdowse8t@bloomberg.com,"$96,158.68 "
Keely,Grancher,kgrancher8u@ox.ac.uk,"$49,004.35 "
Dyanna,Heintsch,dheintsch8v@digg.com,"$58,608.87 "
Siffre,Fauning,sfauning8w@1688.com,"$70,299.18 "
Francine,Orrill,forrill8x@mac.com,"$65,715.89 "
Toinette,Cumbers,tcumbers8y@liveinternet.ru,"$12,670.64 "
Dorelia,Camus,dcamus8z@msn.com,"$60,395.63 "
Niven,Rallin,nrallin90@godaddy.com,"$81,365.71 "
Aldous,Doole,adoole91@freewebs.com,"$85,596.08 "
Manuel,Edlin,medlin92@theatlantic.com,"$32,758.16 "
Gisele,O'Donohue,godonohue93@pcworld.com,"$40,208.03 "
Bren,Birkenshaw,bbirkenshaw94@google.com.au,"$97,449.08 "
Christel,Hanfrey,chanfrey95@amazon.com,"$62,528.45 "
Udale,Cucinotta,ucucinotta96@squarespace.com,"$36,973.07 "
Reinald,Minter,rminter97@wsj.com,"$55,400.25 "
Emiline,Bazelle,ebazelle98@is.gd,"$12,574.18 "
Pepita,Sivior,psivior99@nyu.edu,"$78,036.73 "
Martin,Lowles,mlowles9a@wired.com,"$47,210.41 "
Hesther,Beckmann,hbeckmann9b@angelfire.com,"$92,678.73 "
Berrie,Pesek,bpesek9c@nasa.gov,"$13,543.96 "
Gannon,Damp,gdamp9d@salon.com,"$14,148.75 "
Remus,Wagge,rwagge9e@amazon.co.uk,"$72,538.47 "
Delaney,Grishinov,dgrishinov9f@skyrock.com,"$62,667.77 "
Ted,Seefeldt,tseefeldt9g@psu.edu,"$32,061.81 "
Cathe,Smieton,csmieton9h@ucoz.com,"$49,612.92 "
Stanislaus,Basley,sbasley9i@globo.com,"$54,894.97 "
Ari,Madders,amadders9j@sina.com.cn,"$92,379.68 "
Walt,Maycey,wmaycey9k@nps.gov,"$27,713.56 "
Denver,Sex,dsex9l@craigslist.org,"$58,921.31 "
Carleen,Seeley,cseeley9m@toplist.cz,"$69,594.49 "
Trula,Marages,tmarages9n@google.com.br,"$64,603.70 "
Silva,Roches,sroches9o@godaddy.com,"$14,478.29 "
Valaree,Gyurko,vgyurko9p@jiathis.com,"$61,391.86 "
Sheela,Marchetti,smarchetti9q@xrea.com,"$15,412.74 "
Quent,Peal,qpeal9r@intel.com,"$91,243.46 "
Stella,Kneal,skneal9s@bloglovin.com,"$60,550.18 "
Avigdor,Laming,alaming9t@yahoo.com,"$50,310.73 "
Jamal,Molan,jmolan9u@dedecms.com,"$66,391.53 "
Kassi,Bowes,kbowes9v@adobe.com,"$69,881.68 "
Tam,Daskiewicz,tdaskiewicz9w@youku.com,"$25,171.07 "
Rebbecca,Kingzett,rkingzett9x@networksolutions.com,"$13,110.63 "
Bobbe,Varlow,bvarlow9y@yahoo.co.jp,"$74,750.71 "
Whitney,Dingwall,wdingwall9z@nydailynews.com,"$88,768.38 "
Jaime,Fackrell,jfackrella0@so-net.ne.jp,"$87,049.76 "
Xavier,Bottle,xbottlea1@auda.org.au,"$70,031.56 "
Bertrand,Trenchard,btrencharda2@kickstarter.com,"$48,303.69 "
Marleah,Ealles,meallesa3@columbia.edu,"$27,086.92 "
Cecil,Rogerot,crogerota4@amazon.co.jp,"$19,448.21 "
Krystle,Camosso,kcamossoa5@vimeo.com,"$69,011.88 "
Heddi,Gudge,hgudgea6@technorati.com,"$60,891.21 "
Melita,Hardwich,mhardwicha7@phpbb.com,"$33,628.81 "
Byrann,Bensusan,bbensusana8@illinois.edu,"$28,272.69 "
Richmound,Dreakin,rdreakina9@blog.com,"$63,200.11 "
Kellia,Bark,kbarkaa@ustream.tv,"$11,620.67 "
Collin,Lomb,clombab@lycos.com,"$21,980.25 "
Chantalle,Clyma,cclymaac@washingtonpost.com,"$51,104.83 "
Annamaria,Pikesley,apikesleyad@tamu.edu,"$59,465.80 "
Allyce,Batchelar,abatchelarae@howstuffworks.com,"$81,948.18 "
Josepha,Burree,jburreeaf@usda.gov,"$78,727.45 "
Faun,Ruoss,fruossag@telegraph.co.uk,"$46,676.18 "
Freeland,Wainer,fwainerah@google.cn,"$23,997.79 "
Husein,Hanfrey,hhanfreyai@ebay.co.uk,"$92,041.10 "
Connor,Wych,cwychaj@nifty.com,"$14,143.54 "
Stewart,Basezzi,sbasezziak@icq.com,"$74,275.58 "
Ted,Hounsom,thounsomal@washingtonpost.com,"$15,427.70 "
Cy,Guiot,cguiotam@reverbnation.com,"$34,224.38 "
Berta,Seagrove,bseagrovean@so-net.ne.jp,"$44,760.74 "
Terrijo,Santino,tsantinoao@hibu.com,"$15,853.19 "
Beatrisa,Strewther,bstrewtherap@homestead.com,"$54,065.02 "
Devlen,Camplejohn,dcamplejohnaq@stumbleupon.com,"$81,615.38 "
Illa,Leeming,ileemingar@desdev.cn,"$65,413.08 "
Konstance,Charlon,kcharlonas@house.gov,"$93,079.31 "
Carissa,Maylott,cmaylottat@wp.com,"$77,111.33 "
Natalee,Dobbins,ndobbinsau@dailymotion.com,"$20,964.29 "
Wendall,Waite,wwaiteav@linkedin.com,"$20,434.66 "
Nevins,St. Pierre,nstpierreaw@archive.org,"$76,572.91 "
Damaris,Maeer,dmaeerax@a8.net,"$64,449.66 "
Nana,Mora,nmoraay@nih.gov,"$43,965.42 "
Zilvia,Middlewick,zmiddlewickaz@blogger.com,"$50,506.84 "
Mattie,Grief,mgriefb0@twitter.com,"$92,141.94 "
Leonore,Penny,lpennyb1@naver.com,"$21,260.05 "
Kippie,Sprott,ksprottb2@blogspot.com,"$55,946.34 "
Alayne,Bamforth,abamforthb3@cargocollective.com,"$70,011.34 "
Zabrina,Groom,zgroomb4@java.com,"$74,560.44 "
Nina,Argyle,nargyleb5@illinois.edu,"$19,147.28 "
Parnell,Rodinger,prodingerb6@biglobe.ne.jp,"$94,118.18 "
Abby,Clixby,aclixbyb7@utexas.edu,"$35,339.76 "
Nicky,Matushevich,nmatushevichb8@freewebs.com,"$28,490.94 "
Gerianne,Biasioli,gbiasiolib9@tinyurl.com,"$56,723.67 "
Dorey,Ades,dadesba@51.la,"$90,854.02 "
Mal,Macias,mmaciasbb@marketwatch.com,"$12,154.21 "
Camille,Ballister,cballisterbc@nasa.gov,"$53,298.68 "
Eadmund,De La Coste,edelacostebd@answers.com,"$14,734.60 "
Thom,Woolens,twoolensbe@goo.gl,"$86,814.41 "
Clareta,Wilton,cwiltonbf@4shared.com,"$38,063.58 "
Fernandina,Legrave,flegravebg@telegraph.co.uk,"$11,112.45 "
Christabel,De Few,cdefewbh@t-online.de,"$55,831.46 "
Hobart,Scholler,hschollerbi@upenn.edu,"$34,466.34 "
Meridith,Pawlata,mpawlatabj@bandcamp.com,"$41,452.35 "
Rockey,Presley,rpresleybk@google.nl,"$78,858.22 "
Curcio,Celiz,ccelizbl@cargocollective.com,"$32,717.12 "
Hill,Johnston,hjohnstonbm@bigcartel.com,"$97,425.23 "
Darill,Gobourn,dgobournbn@goo.ne.jp,"$32,204.71 "
Judon,Mariault,jmariaultbo@smh.com.au,"$23,103.30 "
Sigmund,Stagg,sstaggbp@photobucket.com,"$82,061.69 "
Rickey,Staves,rstavesbq@bluehost.com,"$77,584.88 "
Annamarie,Norvell,anorvellbr@rakuten.co.jp,"$53,811.99 "
Marius,Flawn,mflawnbs@nsw.gov.au,"$53,767.95 "
Dolph,Poschel,dposchelbt@cdc.gov,"$83,933.95 "
Luisa,Bodham,lbodhambu@java.com,"$36,146.17 "
Onfre,Marchington,omarchingtonbv@sakura.ne.jp,"$40,306.02 "
Stephie,Sharville,ssharvillebw@google.nl,"$52,178.00 "
Ker,Sam,ksambx@shutterfly.com,"$99,832.16 "
Terry,McLanachan,tmclanachanby@acquirethisname.com,"$43,172.08 "
Diane,Quaife,dquaifebz@reddit.com,"$63,157.73 "
Dotti,Prynne,dprynnec0@biblegateway.com,"$48,801.63 "
Mariska,Chyuerton,mchyuertonc1@printfriendly.com,"$37,275.18 "
Lorrin,Swin,lswinc2@cmu.edu,"$19,567.62 "
Granville,Martinello,gmartinelloc3@nydailynews.com,"$53,051.86 "
Fielding,MacRury,fmacruryc4@wordpress.org,"$71,620.71 "
Jennette,Metts,jmettsc5@psu.edu,"$96,769.70 "
Broderic,Havik,bhavikc6@geocities.com,"$42,062.35 "
Garry,Jorg,gjorgc7@pinterest.com,"$63,249.04 "
Ellyn,Gaber,egaberc8@behance.net,"$34,654.31 "
Julie,Dank,jdankc9@upenn.edu,"$12,760.66 "
Fabio,Garstang,fgarstangca@hatena.ne.jp,"$56,044.79 "
Matthaeus,Corr,mcorrcb@github.io,"$36,716.82 "
Greg,Shimon,gshimoncc@artisteer.com,"$47,912.93 "
Verne,Naptin,vnaptincd@myspace.com,"$80,704.54 "
Berk,Reilinger,breilingerce@google.cn,"$63,503.06 "
Artemas,Waggitt,awaggittcf@prweb.com,"$88,573.08 "
Jeannette,Parlot,jparlotcg@shop-pro.jp,"$32,206.08 "
Elianore,Beecraft,ebeecraftch@umn.edu,"$64,853.01 "
Galina,Hamblen,ghamblenci@cdc.gov,"$93,536.23 "
Jason,Gout,jgoutcj@sohu.com,"$14,593.48 "
Briney,Treadger,btreadgerck@hatena.ne.jp,"$60,877.10 "
Carlynne,Puttan,cputtancl@bloomberg.com,"$85,099.90 "
Hewett,Borthwick,hborthwickcm@yahoo.com,"$56,014.00 "
Skipper,Hothersall,shothersallcn@desdev.cn,"$97,323.83 "
Kaitlynn,Newart,knewartco@patch.com,"$75,480.16 "
Rakel,Schruyer,rschruyercp@theguardian.com,"$45,655.32 "
Findley,Hackley,fhackleycq@go.com,"$46,190.20 "
Giana,Benardette,gbenardettecr@php.net,"$50,606.51 "
Danielle,Southerden,dsoutherdencs@creativecommons.org,"$63,482.44 "
Rex,Clementucci,rclementuccict@amazonaws.com,"$48,956.12 "
Caryl,Kitchin,ckitchincu@dropbox.com,"$27,858.12 "
Judah,McLanaghan,jmclanaghancv@twitter.com,"$60,900.25 "
Arie,Hush,ahushcw@mapquest.com,"$16,858.42 "
Bernardina,Geipel,bgeipelcx@nsw.gov.au,"$93,069.19 "
Alisander,Wemm,awemmcy@tumblr.com,"$16,960.76 "
Ilysa,Gowthrop,igowthropcz@devhub.com,"$66,675.96 "
Barbara-anne,Mooring,bmooringd0@about.me,"$31,654.47 "
Christoph,De Witt,cdewittd1@twitter.com,"$19,009.86 "
Forbes,Hurche,fhurched2@ameblo.jp,"$97,787.75 "
Dalli,Coxall,dcoxalld3@accuweather.com,"$26,577.68 "
Korney,Bidder,kbidderd4@nydailynews.com,"$69,863.24 "
Ezequiel,Cramond,ecramondd5@moonfruit.com,"$46,526.31 "
Selena,Fann,sfannd6@phoca.cz,"$96,970.28 "
Maryl,Bentje,mbentjed7@vk.com,"$37,138.15 "
Casi,Jakubovics,cjakubovicsd8@harvard.edu,"$11,105.29 "
Blithe,Buy,bbuyd9@weibo.com,"$61,768.51 "
Abey,Rowles,arowlesda@forbes.com,"$46,344.18 "
Ki,Wickardt,kwickardtdb@fastcompany.com,"$73,072.59 "
Osbourn,Denecamp,odenecampdc@senate.gov,"$49,495.01 "
Chlo,Taig,ctaigdd@vkontakte.ru,"$27,362.41 "
Lanette,Male,lmalede@elpais.com,"$44,574.17 "
Clare,Guile,cguiledf@time.com,"$98,746.74 "
Jerome,Kehir,jkehirdg@answers.com,"$19,309.19 "
Corly,Urwin,curwindh@berkeley.edu,"$80,153.56 "
Kennedy,Yesenev,kyesenevdi@opensource.org,"$77,988.72 "
Lukas,Littefair,llittefairdj@vimeo.com,"$46,877.13 "
Julius,Southon,jsouthondk@fda.gov,"$42,523.09 "
Simonette,Towsey,stowseydl@webeden.co.uk,"$54,294.82 "
Benny,Western,bwesterndm@buzzfeed.com,"$31,249.40 "
Jessa,MacTrusty,jmactrustydn@webs.com,"$66,192.42 "
Berna,Bann,bbanndo@weibo.com,"$21,564.98 "
Kass,Bonevant,kbonevantdp@imgur.com,"$91,406.63 "
Dollie,Presser,dpresserdq@hatena.ne.jp,"$71,241.30 "
Calley,Hailston,chailstondr@goo.gl,"$22,032.01 "
Chastity,Pina,cpinads@indiatimes.com,"$90,072.23 "
Kinny,Seebert,kseebertdt@google.com.br,"$39,049.07 "
Brigg,Van Niekerk,bvanniekerkdu@shareasale.com,"$49,168.60 "
Amye,Fennick,afennickdv@alexa.com,"$13,954.16 "
Ignaz,McCarron,imccarrondw@slate.com,"$10,774.10 "
Alford,Spadollini,aspadollinidx@paypal.com,"$71,572.35 "
Jock,Gormley,jgormleydy@dailymotion.com,"$46,926.71 "
Lilian,Beaty,lbeatydz@reference.com,"$34,164.51 "
Esme,Peart,epearte0@tinyurl.com,"$85,577.76 "
Gaspar,Espinas,gespinase1@whitehouse.gov,"$54,117.26 "
Brigitte,Becks,bbeckse2@163.com,"$60,767.07 "
Blisse,Britten,bbrittene3@thetimes.co.uk,"$66,267.46 "
Darryl,Bern,dberne4@youtu.be,"$26,054.94 "
Rayna,Whelband,rwhelbande5@dot.gov,"$47,078.44 "
Clevey,Byard,cbyarde6@youku.com,"$49,787.94 "
Morley,Blazej,mblazeje7@blogs.com,"$85,148.14 "
Reamonn,Maccrie,rmaccriee8@paypal.com,"$43,564.78 "
Nicholas,Stockwell,nstockwelle9@uol.com.br,"$93,593.99 "
Gaylord,McElree,gmcelreeea@biblegateway.com,"$70,547.44 "
Vinita,Tsarovic,vtsaroviceb@comsenz.com,"$11,816.43 "
Hendrick,Lanfear,hlanfearec@pcworld.com,"$62,344.97 "
Flore,Benkin,fbenkined@ox.ac.uk,"$81,349.00 "
Reube,Warton,rwartonee@tuttocitta.it,"$69,492.44 "
Mattias,Barrable,mbarrableef@bing.com,"$18,290.54 "
Genny,Mussett,gmussetteg@bing.com,"$14,978.36 "
Jyoti,Corpe,jcorpeeh@xinhuanet.com,"$24,332.52 "
Isahella,Brennand,ibrennandei@apple.com,"$56,267.39 "
Darryl,Teare,dteareej@cnn.com,"$47,062.55 "
Linea,Bridges,lbridgesek@i2i.jp,"$31,393.78 "
Hatti,Showt,hshowtel@twitter.com,"$88,300.69 "
Delano,Livzey,dlivzeyem@liveinternet.ru,"$74,243.68 "
Gearalt,Deave,gdeaveen@who.int,"$26,978.60 "
Leeanne,Tuck,ltuckeo@deliciousdays.com,"$54,340.57 "
Kayley,Klimczak,kklimczakep@tumblr.com,"$14,484.15 "
Zacharias,Heintz,zheintzeq@shutterfly.com,"$11,521.06 "
Shaylah,Reddle,sreddleer@edublogs.org,"$86,783.27 "
Marylinda,Deniseau,mdeniseaues@linkedin.com,"$45,780.90 "
Agnella,Robiot,arobiotet@nasa.gov,"$98,095.71 "
Mirabel,Cutchee,mcutcheeeu@si.edu,"$89,902.84 "
Lorna,Waything,lwaythingev@theatlantic.com,"$25,525.36 "
Tracee,Spores,tsporesew@pagesperso-orange.fr,"$98,947.70 "
Emerson,Dabling,edablingex@digg.com,"$53,026.50 "
Alvina,Alchin,aalchiney@theguardian.com,"$24,422.14 "
Jo,Chadburn,jchadburnez@senate.gov,"$37,824.53 "
Sean,Gorsse,sgorssef0@sitemeter.com,"$81,762.68 "
Ewan,Moen,emoenf1@scientificamerican.com,"$92,098.25 "
Sharona,Currey,scurreyf2@si.edu,"$98,067.54 "
Howard,Robinette,hrobinettef3@toplist.cz,"$14,739.16 "
Tildie,Tribbeck,ttribbeckf4@usgs.gov,"$86,336.28 "
Murvyn,Gai,mgaif5@mapy.cz,"$64,225.77 "
Maressa,Wittke,mwittkef6@earthlink.net,"$24,929.48 "
June,Ede,jedef7@edublogs.org,"$10,650.66 "
Yul,Dyson,ydysonf8@latimes.com,"$51,059.98 "
Mattheus,Neggrini,mneggrinif9@engadget.com,"$23,743.62 "
Cassie,Lawty,clawtyfa@imgur.com,"$74,426.33 "
Hermann,Stickel,hstickelfb@over-blog.com,"$68,258.80 "
Fleurette,Morewood,fmorewoodfc@netscape.com,"$51,002.42 "
Avrom,Duckels,aduckelsfd@tuttocitta.it,"$67,480.94 "
Roderich,Scoggans,rscoggansfe@google.com.au,"$35,081.44 "
Jobye,Matushenko,jmatushenkoff@scientificamerican.com,"$33,593.43 "
Gasparo,Wudeland,gwudelandfg@sina.com.cn,"$25,267.14 "
Ysabel,Kermath,ykermathfh@si.edu,"$88,093.62 "
Terri-jo,Riseam,triseamfi@globo.com,"$61,314.24 "
Arlette,Dudlestone,adudlestonefj@over-blog.com,"$52,494.51 "
Gloriane,Haton,ghatonfk@google.de,"$44,731.92 "
Valle,Trinke,vtrinkefl@jiathis.com,"$11,193.11 "
Terrie,Meaton,tmeatonfm@who.int,"$21,223.81 "
August,Cesaric,acesaricfn@jalbum.net,"$60,311.77 "
Kliment,Basindale,kbasindalefo@ask.com,"$34,236.17 "
Rodolfo,Romaine,rromainefp@timesonline.co.uk,"$17,114.69 "
Dan,Anderbrugge,danderbruggefq@comsenz.com,"$17,472.10 "
Hastie,Ivatts,hivattsfr@usatoday.com,"$45,505.35 "
Crista,Lockitt,clockittfs@feedburner.com,"$54,916.00 "
Beverie,Carous,bcarousft@sfgate.com,"$61,638.92 "
Aldric,Schoolcroft,aschoolcroftfu@imdb.com,"$20,745.80 "
Anthia,Jorcke,ajorckefv@howstuffworks.com,"$38,478.27 "
Hussein,Flintiff,hflintifffw@alexa.com,"$46,490.94 "
Xenos,Stefi,xstefifx@wiley.com,"$37,200.67 "
Meaghan,McPhelimey,mmcphelimeyfy@mail.ru,"$56,267.60 "
Cassandry,Surguine,csurguinefz@zdnet.com,"$59,395.42 "
Teddie,Grovier,tgrovierg0@reddit.com,"$40,065.96 "
Goldina,Bengall,gbengallg1@comcast.net,"$61,296.69 "
Gilligan,Finci,gfincig2@over-blog.com,"$72,272.24 "
Ber,Alaway,balawayg3@blogger.com,"$47,455.74 "
Shelba,Puddifer,spuddiferg4@msu.edu,"$50,361.57 "
Lannie,Matous,lmatousg5@php.net,"$72,150.28 "
Gauthier,Elintune,gelintuneg6@admin.ch,"$96,884.67 "
Ikey,Karolewski,ikarolewskig7@wikispaces.com,"$53,855.23 "
Clywd,Hay,chayg8@china.com.cn,"$17,808.98 "
Carlin,Battle,cbattleg9@baidu.com,"$33,064.66 "
Kanya,Batts,kbattsga@ezinearticles.com,"$33,999.01 "
Sherrie,Scarsbrook,sscarsbrookgb@google.com,"$20,448.48 "
Reynolds,Ballard,rballardgc@nba.com,"$58,147.02 "
Edita,Blythe,eblythegd@tumblr.com,"$88,274.57 "
Pammie,Sillett,psillettge@yellowpages.com,"$17,192.67 "
Stirling,Sawford,ssawfordgf@ameblo.jp,"$19,471.72 "
Baillie,Dewi,bdewigg@yellowbook.com,"$87,721.82 "
Kimberly,Rollo,krollogh@reference.com,"$56,147.72 "
Hewie,Loughran,hloughrangi@census.gov,"$28,035.34 "
Ryann,Eade,readegj@macromedia.com,"$98,409.80 "
Suzette,Gerrels,sgerrelsgk@redcross.org,"$22,600.27 "
Katleen,Tidgewell,ktidgewellgl@wp.com,"$69,774.43 "
Ammamaria,Nathan,anathangm@cargocollective.com,"$58,530.95 "
Audra,Alasdair,aalasdairgn@domainmarket.com,"$90,258.87 "
Gray,Attew,gattewgo@state.gov,"$81,580.17 "
Jone,Shearmer,jshearmergp@zdnet.com,"$56,476.04 "
Roanne,Eilles,reillesgq@woothemes.com,"$70,128.11 "
Vonnie,Sotham,vsothamgr@typepad.com,"$38,952.00 "
Web,Cotgrove,wcotgrovegs@bloglovin.com,"$70,925.82 "
Frankie,Semper,fsempergt@huffingtonpost.com,"$24,101.04 "
Reynolds,Pentony,rpentonygu@comsenz.com,"$51,625.53 "
Kaela,Boulden,kbouldengv@wikispaces.com,"$24,354.69 "
Lilias,Date,ldategw@ebay.co.uk,"$48,049.89 "
Maurene,Van Der Hoog,mvanderhooggx@furl.net,"$50,438.97 "
Rosanne,Battell,rbattellgy@1688.com,"$61,938.40 "
Emlyn,Andreini,eandreinigz@mayoclinic.com,"$55,824.81 "
Webster,Phare,wphareh0@mlb.com,"$66,686.29 "
Haily,Ladlow,hladlowh1@oaic.gov.au,"$34,366.85 "
Walt,Dandie,wdandieh2@cornell.edu,"$27,033.87 "
Mabel,Niese,mnieseh3@parallels.com,"$63,282.73 "
Rafaello,Clemett,rclemetth4@time.com,"$91,920.25 "
Juliette,Oddie,joddieh5@hud.gov,"$50,919.76 "
Honey,Glozman,hglozmanh6@addthis.com,"$13,535.41 "
Brenda,Dally,bdallyh7@blinklist.com,"$67,304.18 "
Neil,Verny,nvernyh8@kickstarter.com,"$63,509.67 "
Guthrie,Krink,gkrinkh9@artisteer.com,"$10,662.24 "
Kelsy,Pressnell,kpressnellha@ovh.net,"$79,554.69 "
Casey,Pantling,cpantlinghb@example.com,"$18,734.71 "
Sean,Krause,skrausehc@rakuten.co.jp,"$84,083.37 "
Gilligan,Aviss,gavisshd@mac.com,"$55,872.80 "
Miranda,Spada,mspadahe@imageshack.us,"$69,594.16 "
Amaleta,MacCartney,amaccartneyhf@wordpress.com,"$53,630.59 "
Abby,Duchenne,aduchennehg@symantec.com,"$43,124.75 "
Kendra,Norkett,knorketthh@yolasite.com,"$97,995.23 "
Goldie,Lilford,glilfordhi@telegraph.co.uk,"$39,298.06 "
Antons,Bax,abaxhj@nytimes.com,"$76,190.33 "
Jolynn,Labadini,jlabadinihk@ca.gov,"$18,534.34 "
Sosanna,Beat,sbeathl@google.com,"$99,525.82 "
Putnam,De Domenici,pdedomenicihm@people.com.cn,"$85,837.64 "
Shirleen,Karpe,skarpehn@nih.gov,"$88,479.96 "
Darline,Lockney,dlockneyho@cdbaby.com,"$21,327.26 "
Adolphe,Klass,aklasshp@blogspot.com,"$90,055.83 "
Eveline,Roskilly,eroskillyhq@sakura.ne.jp,"$22,439.51 "
Deborah,Sprosson,dsprossonhr@goo.gl,"$31,002.40 "
Cissy,Beesey,cbeeseyhs@posterous.com,"$86,221.64 "
Eula,Elwell,eelwellht@japanpost.jp,"$82,133.76 "
Timofei,Liggett,tliggetthu@clickbank.net,"$53,062.80 "
Tarrance,Clapison,tclapisonhv@live.com,"$88,674.88 "
Jarrad,Altoft,jaltofthw@themeforest.net,"$56,584.70 "
Brion,Tennewell,btennewellhx@yahoo.com,"$63,576.35 "
Maible,Dionisi,mdionisihy@istockphoto.com,"$60,265.25 "
Cam,Glavias,cglaviashz@vistaprint.com,"$45,114.13 "
Gideon,Benne,gbennei0@sina.com.cn,"$53,503.08 "
Willi,Stollenbeck,wstollenbecki1@dion.ne.jp,"$63,179.96 "
Brandais,Coupman,bcoupmani2@army.mil,"$71,577.11 "
Teodoor,O'Teague,toteaguei3@dmoz.org,"$75,877.42 "
Zacherie,Minillo,zminilloi4@businessweek.com,"$98,748.76 "
Dodie,Pietri,dpietrii5@jugem.jp,"$17,963.12 "
Jillie,Sallis,jsallisi6@berkeley.edu,"$89,481.91 "
Katheryn,Dawidsohn,kdawidsohni7@timesonline.co.uk,"$39,858.39 "
Coriss,Cuxon,ccuxoni8@pbs.org,"$21,917.88 "
Krishna,Du Barry,kdubarryi9@1688.com,"$61,236.66 "
Dalton,Flintoffe,dflintoffeia@cnet.com,"$59,639.14 "
Jeanine,Gervaise,jgervaiseib@opera.com,"$50,036.63 "
Andi,Castro,acastroic@kickstarter.com,"$84,766.68 "
Luise,Lindenfeld,llindenfeldid@printfriendly.com,"$16,009.16 "
Florian,Botwright,fbotwrightie@linkedin.com,"$20,166.13 "
Stacie,Luc,slucif@globo.com,"$76,132.80 "
Doy,Alvis,dalvisig@odnoklassniki.ru,"$58,063.87 "
Drucie,Birkbeck,dbirkbeckih@japanpost.jp,"$30,574.74 "
Sofie,Richen,srichenii@dot.gov,"$52,551.93 "
Jyoti,Pasek,jpasekij@ocn.ne.jp,"$90,662.43 "
Aaren,Still,astillik@arizona.edu,"$95,134.35 "
Danica,Bentley,dbentleyil@lulu.com,"$20,250.13 "
Jewel,Benka,jbenkaim@shinystat.com,"$44,215.00 "
Margaux,Burgoin,mburgoinin@cargocollective.com,"$61,854.28 "
Pippo,Delooze,pdeloozeio@marriott.com,"$58,386.13 "
Cyrus,Sheddan,csheddanip@columbia.edu,"$17,909.50 "
Ronda,Bizley,rbizleyiq@ucsd.edu,"$16,306.87 "
Tamarra,Rennick,trennickir@bizjournals.com,"$83,499.49 "
Joey,MacKeague,jmackeagueis@ocn.ne.jp,"$27,564.22 "
Ronni,Oakwell,roakwellit@csmonitor.com,"$26,649.23 "
Adriane,Laird-Craig,alairdcraigiu@yahoo.com,"$66,205.23 "
Menard,Davenall,mdavenalliv@amazon.co.uk,"$74,943.60 "
Deane,Purchase,dpurchaseiw@pagesperso-orange.fr,"$42,535.92 "
Suzy,Skirrow,sskirrowix@example.com,"$83,610.77 "
Mollee,Tulley,mtulleyiy@hc360.com,"$19,918.70 "
Toby,Pendock,tpendockiz@technorati.com,"$47,246.92 "
Ramonda,Juden,rjudenj0@slate.com,"$21,637.83 "
Tymothy,Meaden,tmeadenj1@sun.com,"$51,457.56 "
Daren,MacDunleavy,dmacdunleavyj2@4shared.com,"$48,817.03 "
Rodi,MacKissack,rmackissackj3@sbwire.com,"$60,292.20 "
Krissy,Patron,kpatronj4@intel.com,"$57,658.37 "
Packston,Barns,pbarnsj5@stanford.edu,"$44,594.01 "
Murvyn,Pollack,mpollackj6@youtube.com,"$86,812.92 "
Audre,Huygen,ahuygenj7@guardian.co.uk,"$66,148.89 "
Xaviera,Gilfoyle,xgilfoylej8@si.edu,"$67,800.30 "
Hillyer,Teideman,hteidemanj9@wp.com,"$67,695.94 "
Aurelia,Jellybrand,ajellybrandja@nature.com,"$59,692.15 "
Dennet,McCarl,dmccarljb@comsenz.com,"$11,301.78 "
Dion,Owtram,dowtramjc@microsoft.com,"$11,731.64 "
West,Starcks,wstarcksjd@nbcnews.com,"$50,144.74 "
Armand,Shillabeare,ashillabeareje@nbcnews.com,"$23,135.21 "
Gradeigh,Christer,gchristerjf@mlb.com,"$78,573.97 "
Vanni,Pirie,vpiriejg@kickstarter.com,"$89,882.69 "
Vivyanne,Passmore,vpassmorejh@arstechnica.com,"$15,740.57 "
Casey,Wybron,cwybronji@indiatimes.com,"$35,041.79 "
Earvin,Oldred,eoldredjj@walmart.com,"$90,678.23 "
Broddy,Baverstock,bbaverstockjk@pcworld.com,"$20,822.79 "
Lamond,Gegg,lgeggjl@comsenz.com,"$45,307.49 "
Frieda,Strank,fstrankjm@mozilla.com,"$34,451.22 "
Gena,McGrorty,gmcgrortyjn@epa.gov,"$43,667.36 "
Antony,Steanson,asteansonjo@typepad.com,"$12,715.28 "
Kore,Bonellie,kbonelliejp@slate.com,"$67,788.24 "
Perla,Adamolli,padamollijq@1und1.de,"$82,555.04 "
Essie,Burth,eburthjr@themeforest.net,"$41,141.88 "
Gerianne,Whitmarsh,gwhitmarshjs@economist.com,"$55,299.57 "
Ferdinand,Pawsey,fpawseyjt@edublogs.org,"$56,659.13 "
Dorolice,Fick,dfickju@reuters.com,"$62,026.23 "
Bordy,Breton,bbretonjv@indiatimes.com,"$32,656.17 "
Agnese,Piwell,apiwelljw@icio.us,"$67,504.98 "
Noelle,Poetz,npoetzjx@cnet.com,"$17,025.45 "
Vally,Ponsford,vponsfordjy@patch.com,"$57,485.82 "
Catharina,Olivello,colivellojz@princeton.edu,"$37,832.43 "
Chan,Attenborrow,cattenborrowk0@mysql.com,"$88,655.37 "
Eustace,Locke,elockek1@uol.com.br,"$30,931.59 "
Ivan,Ferris,iferrisk2@oaic.gov.au,"$24,707.86 "
Alberto,Kildale,akildalek3@paginegialle.it,"$77,842.53 "
Beatrix,Pickin,bpickink4@icq.com,"$62,508.72 "
Bayard,Skeeles,bskeelesk5@bluehost.com,"$45,911.87 "
Nefen,Caitlin,ncaitlink6@cornell.edu,"$25,073.06 "
Annabela,Stannett,astannettk7@earthlink.net,"$47,355.26 "
Sergio,Cheson,schesonk8@zdnet.com,"$18,435.91 "
Rolando,Pepperell,rpepperellk9@wiley.com,"$70,572.83 "
Lonnie,Hencke,lhenckeka@noaa.gov,"$65,021.48 "
Bronny,Ferrolli,bferrollikb@theatlantic.com,"$90,696.99 "
Levey,Rault,lraultkc@sogou.com,"$20,183.78 "
Thibaut,Zanussii,tzanussiikd@archive.org,"$79,374.02 "
Michell,Doggrell,mdoggrellke@pinterest.com,"$38,253.96 "
Tildie,Middlehurst,tmiddlehurstkf@dmoz.org,"$89,294.18 "
Scot,Maleck,smaleckkg@mapy.cz,"$31,484.90 "
Orran,O'Dare,oodarekh@skype.com,"$13,586.67 "
Gardie,Btham,gbthamki@indiegogo.com,"$44,575.71 "
Des,Starr,dstarrkj@free.fr,"$37,784.24 "
Hubey,Iglesias,higlesiaskk@i2i.jp,"$50,781.02 "
Donella,Vater,dvaterkl@netscape.com,"$29,559.30 "
Tally,Mumbey,tmumbeykm@gmpg.org,"$78,814.27 "
Davon,Thal,dthalkn@pagesperso-orange.fr,"$91,475.70 "
Klaus,Purveys,kpurveysko@washingtonpost.com,"$20,712.74 "
Sherill,Timbs,stimbskp@bigcartel.com,"$24,618.10 "
Morry,Acott,macottkq@jimdo.com,"$40,517.41 "
Duane,Woollons,dwoollonskr@thetimes.co.uk,"$11,836.69 "
Brandi,MacNeilley,bmacneilleyks@dropbox.com,"$34,483.40 "
Vilhelmina,Piddletown,vpiddletownkt@devhub.com,"$16,848.70 "
Camala,Shrieves,cshrievesku@mayoclinic.com,"$36,428.33 "
Felicio,Moughtin,fmoughtinkv@answers.com,"$11,818.06 "
Jared,Cocking,jcockingkw@pcworld.com,"$71,521.46 "
Vonnie,Lyven,vlyvenkx@columbia.edu,"$15,394.04 "
Elinore,McLay,emclayky@dot.gov,"$90,875.02 "
Ingaberg,Waddingham,iwaddinghamkz@arstechnica.com,"$47,411.97 "
Mahalia,Gregoratti,mgregorattil0@geocities.jp,"$49,411.36 "
Desi,O'Cullen,docullenl1@netlog.com,"$32,790.03 "
Aile,Hanaby,ahanabyl2@google.de,"$72,364.38 "
Evelyn,Karolczyk,ekarolczykl3@whitehouse.gov,"$94,096.56 "
Raymund,Kurten,rkurtenl4@psu.edu,"$29,277.64 "
Yvor,Petegre,ypetegrel5@1688.com,"$47,144.55 "
Madelena,Kingzet,mkingzetl6@canalblog.com,"$49,840.11 "
Janean,Chestnut,jchestnutl7@wikipedia.org,"$16,787.67 "
Justen,Sussans,jsussansl8@yelp.com,"$96,124.80 "
Andree,Crates,acratesl9@google.es,"$86,148.18 "
Nickola,Weekes,nweekesla@dagondesign.com,"$36,878.61 "
Elise,Della Scala,edellascalalb@rakuten.co.jp,"$89,548.27 "
Masha,Stratley,mstratleylc@4shared.com,"$43,675.35 "
Grier,Birtonshaw,gbirtonshawld@wiley.com,"$20,284.08 "
Marji,Priel,mprielle@cnbc.com,"$18,278.73 "
Norean,Jankin,njankinlf@chron.com,"$24,868.14 "
Annabelle,Danzig,adanziglg@reddit.com,"$82,564.41 "
Eddie,Gerram,egerramlh@cbslocal.com,"$76,383.24 "
Frans,Riggey,friggeyli@google.com,"$37,998.59 "
Shawn,Beaconsall,sbeaconsalllj@squidoo.com,"$26,740.40 "
Remus,Rosten,rrostenlk@artisteer.com,"$47,790.43 "
Giacobo,Jayume,gjayumell@bizjournals.com,"$35,173.65 "
Fowler,Dredge,fdredgelm@go.com,"$81,442.11 "
Wilma,Atkyns,watkynsln@ucoz.com,"$43,994.55 "
Adrian,Paddington,apaddingtonlo@examiner.com,"$56,499.24 "
Editha,Fawthrop,efawthroplp@baidu.com,"$85,595.24 "
Tillie,Caseley,tcaseleylq@mac.com,"$63,106.41 "
Lotty,Ferrolli,lferrollilr@mysql.com,"$13,518.02 "
Bertine,Bras,bbrasls@upenn.edu,"$63,332.09 "
Grace,Peatt,gpeattlt@home.pl,"$98,286.91 "
Sheffield,Whiteman,swhitemanlu@cisco.com,"$79,248.50 "
Opal,Vero,overolv@feedburner.com,"$41,164.68 "
Faina,Bayfield,fbayfieldlw@bloomberg.com,"$33,635.44 "
Rayshell,Gounot,rgounotlx@cmu.edu,"$48,395.73 "
Kendrick,Arondel,karondelly@booking.com,"$92,903.94 "
Crystal,Duckers,cduckerslz@techcrunch.com,"$53,494.01 "
Maureen,Drabble,mdrabblem0@adobe.com,"$42,569.47 "
Margarita,Dalgliesh,mdalglieshm1@vistaprint.com,"$15,293.25 "
Reba,Hambric,rhambricm2@networksolutions.com,"$16,040.29 "
Baxter,MacLennan,bmaclennanm3@xing.com,"$58,557.11 "
Dionisio,Battill,dbattillm4@nyu.edu,"$14,561.10 "
Shay,Andrzejowski,sandrzejowskim5@deliciousdays.com,"$46,665.06 "
Ashley,Wodeland,awodelandm6@behance.net,"$98,680.16 "
Darice,Walch,dwalchm7@freewebs.com,"$49,348.33 "
Meryl,Romaint,mromaintm8@a8.net,"$30,099.22 "
Rebeka,Kennaird,rkennairdm9@theatlantic.com,"$92,176.01 "
Nannie,Addicote,naddicotema@netscape.com,"$10,897.57 "
Lorine,Noriega,lnoriegamb@arstechnica.com,"$51,976.07 "
Wayne,Wimsett,wwimsettmc@sfgate.com,"$78,791.76 "
Cariotta,Muir,cmuirmd@state.tx.us,"$51,174.03 "
Perrine,Cauldwell,pcauldwellme@goodreads.com,"$38,266.49 "
Beatriz,Chamney,bchamneymf@gmpg.org,"$18,508.17 "
Larine,Rizzello,lrizzellomg@sogou.com,"$61,129.80 "
Aeriell,Turpin,aturpinmh@fema.gov,"$36,216.97 "
Yalonda,Jikylls,yjikyllsmi@bbc.co.uk,"$52,592.34 "
Pincus,Dunsmore,pdunsmoremj@mapy.cz,"$37,111.96 "
Timmy,Parlett,tparlettmk@imgur.com,"$24,236.28 "
Artur,Torrent,atorrentml@lulu.com,"$68,790.90 "
Amandie,Duckworth,aduckworthmm@trellian.com,"$56,270.75 "
Ernestine,Fullilove,efullilovemn@mozilla.com,"$85,272.60 "
Jack,Benner,jbennermo@dedecms.com,"$34,561.10 "
Udall,Bonnar,ubonnarmp@columbia.edu,"$49,119.20 "
Douglass,Butterfint,dbutterfintmq@diigo.com,"$23,938.58 "
Timmy,Boltwood,tboltwoodmr@nba.com,"$24,983.01 "
Temp,Muff,tmuffms@homestead.com,"$91,931.55 "
Georgine,Pargeter,gpargetermt@naver.com,"$55,050.21 "
Carrol,Ferronet,cferronetmu@weather.com,"$53,042.09 "
Adan,Wyss,awyssmv@shinystat.com,"$63,680.35 "
Marsiella,McGrah,mmcgrahmw@cloudflare.com,"$92,445.68 "
Parry,Dillestone,pdillestonemx@latimes.com,"$92,518.08 "
Bianca,Strutz,bstrutzmy@myspace.com,"$34,890.96 "
Dar,Reace,dreacemz@nbcnews.com,"$67,925.11 "
Keene,Slogrove,kslogroven0@gnu.org,"$12,101.66 "
Caroline,Bouette,cbouetten1@wiley.com,"$34,019.18 "
Serena,Vasilchikov,svasilchikovn2@example.com,"$47,525.80 "
Milton,Arter,martern3@harvard.edu,"$20,323.56 "
Forster,Brameld,fbrameldn4@nytimes.com,"$90,890.12 "
Culver,Devany,cdevanyn5@networksolutions.com,"$69,940.56 "
Glenden,Duiged,gduigedn6@dyndns.org,"$75,402.29 "
Mada,Brazer,mbrazern7@walmart.com,"$49,430.12 "
Rycca,Wilden,rwildenn8@xing.com,"$10,911.66 "
Mikael,Oubridge,moubridgen9@csmonitor.com,"$39,125.77 "
Joli,Kuna,jkunana@icq.com,"$69,097.51 "
Leupold,Hunnable,lhunnablenb@dot.gov,"$62,458.05 "
Catherine,Goldsmith,cgoldsmithnc@mlb.com,"$31,041.89 "
Camey,Rae,craend@de.vu,"$21,055.15 "
Glynda,Gegg,ggeggne@youtu.be,"$44,708.58 "
Ram,Tremellier,rtremelliernf@usnews.com,"$41,316.97 "
Norton,Baniard,nbaniardng@pcworld.com,"$95,499.09 "
Ilsa,Lanfere,ilanferenh@phpbb.com,"$89,485.79 "
Camila,Dahl,cdahlni@furl.net,"$24,003.71 "
Archambault,Cawthera,acawtheranj@discuz.net,"$23,746.27 "
Rab,McCue,rmccuenk@cargocollective.com,"$43,494.55 "
Jordan,Tidder,jtiddernl@technorati.com,"$95,434.80 "
Shandeigh,Hanbridge,shanbridgenm@geocities.com,"$98,056.24 "
Seymour,Casement,scasementnn@marketwatch.com,"$38,772.96 "
Coraline,Robet,crobetno@noaa.gov,"$84,487.83 "
Corty,Redholls,credhollsnp@alibaba.com,"$33,603.07 "
Amye,Poytheras,apoytherasnq@gov.uk,"$10,152.43 "
Appolonia,Phateplace,aphateplacenr@upenn.edu,"$13,528.89 "
Orelle,Edowes,oedowesns@webs.com,"$58,027.17 "
Kelley,Havoc,khavocnt@friendfeed.com,"$26,350.82 "
Ronda,McSaul,rmcsaulnu@engadget.com,"$12,734.68 "
Felice,Noell,fnoellnv@g.co,"$88,497.93 "
Brose,Thaim,bthaimnw@example.com,"$18,012.52 "
Blayne,Maldin,bmaldinnx@slashdot.org,"$40,783.65 "
Frank,Ivermee,fivermeeny@mysql.com,"$46,007.56 "
Alena,Bosma,abosmanz@live.com,"$57,772.61 "
Gui,Rozier,groziero0@hugedomains.com,"$30,969.98 "
Kariotta,Bann,kbanno1@aol.com,"$90,900.73 "
Nyssa,Chaperlin,nchaperlino2@smugmug.com,"$49,009.87 "
Gage,Shortall,gshortallo3@wikimedia.org,"$69,890.18 "
Alleen,Ebertz,aebertzo4@sakura.ne.jp,"$76,085.86 "
Wally,Tremmil,wtremmilo5@reference.com,"$73,995.67 "
Tobin,Neil,tneilo6@imdb.com,"$97,901.06 "
Ernest,Abbes,eabbeso7@earthlink.net,"$60,721.35 "
Tammy,Gowar,tgowaro8@wired.com,"$75,684.66 "
Regina,Rubery,rruberyo9@whitehouse.gov,"$71,949.26 "
Adora,Latham,alathamoa@wikispaces.com,"$27,161.49 "
Justis,Thecham,jthechamob@wunderground.com,"$12,073.28 "
Porty,Timmermann,ptimmermannoc@google.co.jp,"$68,624.77 "
Chloette,D'Antonio,cdantoniood@goo.gl,"$88,510.80 "
Hermann,Sudran,hsudranoe@about.com,"$86,747.71 "
Aigneis,Gowans,agowansof@discovery.com,"$35,390.65 "
Andre,St Pierre,astpierreog@twitpic.com,"$98,925.71 "
Jonell,Mundford,jmundfordoh@hostgator.com,"$90,747.71 "
Ambros,Veivers,aveiversoi@alibaba.com,"$68,653.49 "
Swen,Walkowski,swalkowskioj@un.org,"$34,236.97 "
Toinette,Chaffen,tchaffenok@cornell.edu,"$10,273.32 "
Missy,Landreth,mlandrethol@ning.com,"$26,977.02 "
Celestyn,Trevain,ctrevainom@engadget.com,"$98,547.98 "
Rora,Leavey,rleaveyon@unicef.org,"$56,489.91 "
Garrott,Jannasch,gjannaschoo@arstechnica.com,"$42,472.11 "
Con,Andrick,candrickop@illinois.edu,"$10,068.16 "
Rafaelita,Ingerith,ringerithoq@smh.com.au,"$30,284.93 "
Allyce,Boulde,abouldeor@sakura.ne.jp,"$97,207.28 "
Kathlin,Hugnot,khugnotos@squidoo.com,"$97,441.82 "
Ives,MacAnulty,imacanultyot@toplist.cz,"$53,123.68 "
Phillipp,Mogg,pmoggou@nps.gov,"$78,648.06 "
Chauncey,Copelli,ccopelliov@bloglines.com,"$68,138.33 "
Iris,Firk,ifirkow@cnet.com,"$92,949.87 "
Dennet,Epsley,depsleyox@yolasite.com,"$49,625.86 "
Joycelin,Yggo,jyggooy@marketwatch.com,"$72,873.96 "
Rori,Starte,rstarteoz@etsy.com,"$45,561.44 "
Lela,McNeely,lmcneelyp0@tamu.edu,"$24,931.03 "
Horst,Orr,horrp1@huffingtonpost.com,"$82,940.70 "
Orazio,De Lasci,odelascip2@ifeng.com,"$62,554.77 "
Gavrielle,Akers,gakersp3@wikia.com,"$33,591.55 "
Luci,Clampin,lclampinp4@tinypic.com,"$39,377.97 "
Gibbie,Prendergrast,gprendergrastp5@nytimes.com,"$68,842.57 "
Davine,Kelf,dkelfp6@liveinternet.ru,"$48,910.69 "
Ambrose,Wylie,awyliep7@youtu.be,"$84,931.33 "
Keir,Slay,kslayp8@ted.com,"$93,398.30 "
Kania,Bissell,kbissellp9@sphinn.com,"$90,263.21 "
Jana,Mouget,jmougetpa@walmart.com,"$16,305.15 "
Alisa,Tyres,atyrespb@blog.com,"$55,406.03 "
Tabor,Debling,tdeblingpc@webnode.com,"$59,536.39 "
Decca,Hallworth,dhallworthpd@google.com.br,"$41,086.37 "
Crichton,Mephan,cmephanpe@xinhuanet.com,"$40,491.37 "
Dottie,Bagot,dbagotpf@acquirethisname.com,"$89,908.26 "
Lucio,Trayes,ltrayespg@yandex.ru,"$96,829.52 "
Dael,Birney,dbirneyph@behance.net,"$50,675.68 "
Zeb,Lineham,zlinehampi@princeton.edu,"$62,116.26 "
Glori,Bonallick,gbonallickpj@google.es,"$48,223.06 "
Brandy,Netti,bnettipk@ameblo.jp,"$60,937.60 "
Gale,Philippon,gphilipponpl@imdb.com,"$40,988.86 "
Chane,Purrington,cpurringtonpm@typepad.com,"$36,495.26 "
Joey,Denerley,jdenerleypn@cafepress.com,"$63,936.15 "
Harley,Ickowicz,hickowiczpo@cpanel.net,"$18,590.65 "
Mac,Romanin,mromaninpp@reddit.com,"$54,582.25 "
Xenia,Cuppitt,xcuppittpq@yahoo.co.jp,"$86,750.16 "
Yuma,Novic,ynovicpr@flavors.me,"$53,760.04 "
Zora,Fuentez,zfuentezps@twitpic.com,"$76,049.68 "
Dulcine,Tirte,dtirtept@webnode.com,"$83,149.39 "
Packston,De Cruze,pdecruzepu@cnn.com,"$19,588.17 "
Yorke,Crudge,ycrudgepv@wikipedia.org,"$20,826.36 "
Welch,Spurge,wspurgepw@g.co,"$49,533.45 "
Quintana,Curzon,qcurzonpx@vimeo.com,"$62,188.67 "
Alison,Stoneman,astonemanpy@jiathis.com,"$48,105.16 "
Bax,Rykert,brykertpz@reference.com,"$77,370.17 "
Pepita,Sturdey,psturdeyq0@aol.com,"$24,305.25 "
Adamo,Hansbury,ahansburyq1@github.io,"$22,338.67 "
Luelle,Jensen,ljensenq2@shop-pro.jp,"$97,291.51 "
Gretta,Adamou,gadamouq3@cnet.com,"$76,313.99 "
Rebecka,Sillitoe,rsillitoeq4@exblog.jp,"$63,162.79 "
Fowler,Coulman,fcoulmanq5@github.io,"$49,945.12 "
Thorstein,Janew,tjanewq6@quantcast.com,"$76,242.08 "
Gaylor,Huggens,ghuggensq7@icq.com,"$95,777.38 "
Rickie,Rait,rraitq8@intel.com,"$77,495.36 "
Addie,Fosten,afostenq9@icio.us,"$49,054.29 "
Arron,Dodds,adoddsqa@technorati.com,"$58,140.95 "
Talia,Bradnick,tbradnickqb@admin.ch,"$39,017.40 "
Hermione,Eborall,heborallqc@ask.com,"$63,427.70 "
Fidelio,Scamal,fscamalqd@businessinsider.com,"$19,459.11 "
Moise,Linder,mlinderqe@rakuten.co.jp,"$94,324.32 "
Kipper,Elan,kelanqf@freewebs.com,"$89,427.92 "
Daria,Upstell,dupstellqg@ifeng.com,"$19,975.22 "
Velma,Poynter,vpoynterqh@ucsd.edu,"$17,519.03 "
Lowe,Sorro,lsorroqi@yellowpages.com,"$11,989.65 "
Celestyn,Rheubottom,crheubottomqj@hexun.com,"$87,441.35 "
Mikol,Wapol,mwapolqk@photobucket.com,"$45,762.74 "
Pren,Leonida,pleonidaql@usgs.gov,"$46,753.44 "
Maritsa,Elan,melanqm@mapquest.com,"$61,692.24 "
Sigismondo,Asken,saskenqn@whitehouse.gov,"$52,008.93 "
Syman,Fitzroy,sfitzroyqo@yandex.ru,"$48,402.25 "
Gare,Meddows,gmeddowsqp@guardian.co.uk,"$43,364.15 "
Hunt,Ive,hiveqq@wikia.com,"$94,619.29 "
Kaleb,Meadows,kmeadowsqr@squidoo.com,"$28,494.91 "
Larry,Lampkin,llampkinqs@multiply.com,"$17,069.79 "
Kirstyn,Elliston,kellistonqt@ihg.com,"$92,996.26 "
Cleopatra,Eliff,celiffqu@wiley.com,"$98,506.46 "
Nikos,Hancill,nhancillqv@elpais.com,"$18,514.03 "
Dre,Davie,ddavieqw@drupal.org,"$45,660.90 "
Killian,Gianelli,kgianelliqx@macromedia.com,"$82,321.22 "
Reade,Sothern,rsothernqy@elpais.com,"$96,744.75 "
Errick,Bertenshaw,ebertenshawqz@sphinn.com,"$31,171.20 "
Yance,Hicks,yhicksr0@de.vu,"$46,537.62 "
Hubie,Ropp,hroppr1@t-online.de,"$46,150.60 "
Bryant,Tarbath,btarbathr2@friendfeed.com,"$11,061.42 "
Sherwin,Threadkell,sthreadkellr3@state.tx.us,"$83,986.18 "
Lucky,Oris,lorisr4@ustream.tv,"$38,298.35 "
Harmonie,Small,hsmallr5@japanpost.jp,"$93,758.23 "
Christophorus,Jimmes,cjimmesr6@last.fm,"$96,699.51 "
Torey,Lammers,tlammersr7@theatlantic.com,"$42,411.72 "
Davie,Caizley,dcaizleyr8@devhub.com,"$36,158.49 "
Berkeley,Blannin,bblanninr9@topsy.com,"$54,021.87 "
Bobina,Hedin,bhedinra@wikia.com,"$20,315.74 "
Kerrie,Boc,kbocrb@stanford.edu,"$68,142.88 "
Whitney,O' Gara,wogararc@microsoft.com,"$78,059.86 "
Pammy,Bradburn,pbradburnrd@blogspot.com,"$76,499.49 "
Luise,Howgego,lhowgegore@ezinearticles.com,"$52,970.35 "
Martie,Marple,mmarplerf@rakuten.co.jp,"$28,121.57 "
Gianna,Wiggin,gwigginrg@va.gov,"$61,925.95 "
Alvis,McGaugie,amcgaugierh@taobao.com,"$87,002.29 "
Waldo,Gladden,wgladdenri@pcworld.com,"$82,002.47 "
Devy,Jacquemy,djacquemyrj@wordpress.com,"$49,050.71 "
Frederich,Arnaudi,farnaudirk@moonfruit.com,"$29,547.21 "
Hailey,Blazi,hblazirl@example.com,"$63,419.99 "
Janel,Wilshere,jwilshererm@wordpress.org,"$26,756.55 "
Irma,Harkes,iharkesrn@altervista.org,"$15,202.55 "
Fanny,Thoumasson,fthoumassonro@chicagotribune.com,"$95,232.88 "
Torrin,Coleshill,tcoleshillrp@google.ca,"$90,889.14 "
Clarice,Lemar,clemarrq@technorati.com,"$15,996.87 "
Edwin,Catherall,ecatherallrr@youku.com,"$45,938.36 "
Miccah,Ruela,miccah,"$0.00"
